ticker,rows,date_start,date_end,columns
AAPL,1549,2020-03-17,2026-05-29,29
AMZN,1551,2020-03-13,2026-05-29,29
AVGO,1546,2020-03-13,2026-05-29,29
BAC,1550,2020-03-17,2026-05-29,29
BA,1539,2020-03-13,2026-05-29,29
CAT,1549,2020-03-13,2026-05-29,29
COP,1546,2020-03-17,2026-05-29,29
CRM,1548,2020-03-13,2026-05-29,29
CVX,1542,2020-03-17,2026-05-29,29
DIS,1539,2020-03-17,2026-05-29,29
GE,1550,2020-03-13,2026-05-29,29
GOOGL,1547,2020-03-17,2026-05-29,29
GS,1546,2020-03-17,2026-05-29,29
JNJ,1543,2020-03-18,2026-05-29,29
JPM,1543,2020-03-17,2026-05-29,29
KO,1544,2020-03-13,2026-05-29,29
MA,1547,2020-03-17,2026-05-29,29
META,1545,2020-03-17,2026-05-29,29
MSFT,1549,2020-03-18,2026-05-29,29
NVDA,1553,2020-03-13,2026-05-29,29
ORCL,1541,2020-03-18,2026-05-28,29
PFE,1550,2020-03-18,2026-05-29,29
PG,1546,2020-03-18,2026-05-29,29
TSLA,1551,2020-03-13,2026-05-29,29
UNH,1539,2020-03-19,2026-05-29,29
V,1543,2020-03-17,2026-05-29,29
WMT,1537,2020-03-18,2026-05-29,29
XOM,1550,2020-03-13,2026-05-29,29
