Feature,Category,Description,LR_MeanAbsSHAP,RF_MeanAbsSHAP,XGBoost_MeanAbsSHAP,Overall_MeanAbsSHAP,LR_Rank,RF_Rank,XGBoost_Rank
bb_lower,Volatility,"Bollinger Band lower band (20-day, 2 std)",1.4892326682818886,0.012412528195199692,0.11706282943487167,0.5395693419706533,1,5,20
sma_50,Trend,50-day Simple Moving Average of Close,0.7641765930723732,0.014797991866466529,0.18120872974395752,0.32006110489426576,3,1,8
bb_upper,Volatility,"Bollinger Band upper band (20-day, 2 std)",0.7773090662282504,0.008392713123220947,0.16765517480671405,0.3177856513860618,2,12,13
ma_50,Other,50-day Simple Moving Average of Close,0.7641765930723732,0.014507498641486313,0.057176470197737216,0.27862018730386556,3,2,23
sma_10,Trend,10-day Simple Moving Average of Close,0.5095562471056256,0.007118074665573409,0.13629629611968994,0.21765687263029634,5,17,18
atr_14,Volatility,14-day Average True Range,0.34498361745978334,0.012995092119699899,0.29094848930835726,0.21630906629594682,8,4,1
ma_5,Other,5-day Simple Moving Average of Close,0.40977819015434747,0.01146701119602994,0.15225552022457123,0.19116690719164953,7,8,15
ma_20,Other,20-day Simple Moving Average of Close,0.4363627150060636,0.009905707026622098,0.1259199257940054,0.1907294492755637,6,9,19
close_open_change,Other,Intraday price change (Close - Open),0.06415037148930404,0.008688137532821525,0.2526612013578415,0.10849990345998901,18,11,2
ema_26,Trend,26-day Exponential Moving Average of Close,0.17367184956063103,0.013439282252442822,0.11659802049398423,0.1012363841023527,9,3,21
rsi_14,Momentum,14-day Relative Strength Index,0.11323019906020496,0.0069558326397253,0.18005319610238074,0.10007974260077034,12,19,10
high_low_range,Other,Daily price range (High - Low),0.10414813391015379,0.006250237132875157,0.18228678554296493,0.09756171886199795,14,22,7
macd_histogram,Momentum,MACD histogram (MACD - signal),0.11578907221286996,0.00686959959442692,0.16783770620822908,0.09683212600517532,11,21,12
macd_signal,Momentum,MACD signal line (9-day EMA of MACD),0.11280465591564111,0.009822699329272197,0.16458960399031639,0.09573898641174323,13,10,14
volatility_5,Volatility,5-day rolling std of returns,0.05851035019248395,0.007507097078584058,0.1994404077529907,0.08848595167468624,19,14,5
ema_12,Trend,12-day Exponential Moving Average of Close,0.15534807876047402,0.011949548155723152,0.09284534808248282,0.08671432499956,10,6,22
bb_width,Volatility,Bollinger Band width ((upper-lower)/mid),0.06671457741061579,0.006939343182071475,0.18109691739082337,0.08491694599450354,17,20,9
returns_lag1,Other,1-day lagged daily return,0.03617906795088389,0.007109719260993186,0.2036562144756317,0.08231500056250292,22,18,4
macd,Momentum,MACD line (12/26 EMA difference),0.09065468693484059,0.01159657172598812,0.136735400557518,0.07966221973944891,15,7,17
roc_10,Momentum,10-day Rate of Change of Close,0.08190750805856126,0.005996750934051656,0.14913880527019502,0.07901435475426931,16,23,16
returns_lag7,Other,7-day lagged daily return,0.020752746200662194,0.007325748429106227,0.20598700195550917,0.07802183219509252,23,16,3
volume_roc,Volume,Volume Rate of Change (5-day pct change),0.0396179939890156,0.007772235939683165,0.18369803801178933,0.07702942264682937,20,13,6
volatility_20,Volatility,20-day rolling std of returns,0.03859461522978166,0.007504965707218689,0.17824238985776902,0.07478065693158979,21,15,11
