Stock,Model,Feature,MeanAbsSHAP
AAPL,LogisticRegression,sma_10,0.42661639048778155
AAPL,LogisticRegression,sma_50,0.005057090721020147
AAPL,LogisticRegression,ema_12,0.030837169576264752
AAPL,LogisticRegression,ema_26,0.034951922710676445
AAPL,LogisticRegression,rsi_14,0.03929309465744824
AAPL,LogisticRegression,macd,0.0331754146948694
AAPL,LogisticRegression,macd_signal,0.04983186563327938
AAPL,LogisticRegression,macd_histogram,0.03677393109177461
AAPL,LogisticRegression,roc_10,0.07838802682455993
AAPL,LogisticRegression,bb_upper,0.5923237664494587
AAPL,LogisticRegression,bb_lower,1.0350859399041838
AAPL,LogisticRegression,bb_width,0.03655690977250683
AAPL,LogisticRegression,atr_14,0.005048584822469778
AAPL,LogisticRegression,volume_roc,0.03915920325464856
AAPL,LogisticRegression,returns_lag1,0.012506512212577094
AAPL,LogisticRegression,returns_lag7,0.0011005726910432163
AAPL,LogisticRegression,ma_5,0.09866960696611055
AAPL,LogisticRegression,ma_20,0.22707722015048973
AAPL,LogisticRegression,ma_50,0.005057090721020147
AAPL,LogisticRegression,volatility_5,0.13482889855434713
AAPL,LogisticRegression,volatility_20,0.060423296398649934
AAPL,LogisticRegression,high_low_range,0.020474523520120944
AAPL,LogisticRegression,close_open_change,0.046457012790919426
AAPL,RandomForest,sma_10,0.007488005723783527
AAPL,RandomForest,sma_50,0.004694341960629602
AAPL,RandomForest,ema_12,0.00932731087733171
AAPL,RandomForest,ema_26,0.013226286365434107
AAPL,RandomForest,rsi_14,0.006138823422558688
AAPL,RandomForest,macd,0.005770769274274546
AAPL,RandomForest,macd_signal,0.007127007845270075
AAPL,RandomForest,macd_histogram,0.003472163437490195
AAPL,RandomForest,roc_10,0.005975710878774027
AAPL,RandomForest,bb_upper,0.014482720187310383
AAPL,RandomForest,bb_lower,0.022306299710602398
AAPL,RandomForest,bb_width,0.00570421216826295
AAPL,RandomForest,atr_14,0.013232767289511019
AAPL,RandomForest,volume_roc,0.006179793661857839
AAPL,RandomForest,returns_lag1,0.005816674933705077
AAPL,RandomForest,returns_lag7,0.01078054343762261
AAPL,RandomForest,ma_5,0.002549140269172079
AAPL,RandomForest,ma_20,0.014320954869262638
AAPL,RandomForest,ma_50,0.003051819720454424
AAPL,RandomForest,volatility_5,0.00938535091798635
AAPL,RandomForest,volatility_20,0.005711316051196855
AAPL,RandomForest,high_low_range,0.0033137177801699142
AAPL,RandomForest,close_open_change,0.00474377102601909
AAPL,XGBoost,sma_10,0.084492027759552
AAPL,XGBoost,sma_50,0.051378391683101654
AAPL,XGBoost,ema_12,0.07463222742080688
AAPL,XGBoost,ema_26,0.07568258047103882
AAPL,XGBoost,rsi_14,0.18689315021038055
AAPL,XGBoost,macd,0.120098777115345
AAPL,XGBoost,macd_signal,0.11442852765321732
AAPL,XGBoost,macd_histogram,0.09904187172651291
AAPL,XGBoost,roc_10,0.14354510605335236
AAPL,XGBoost,bb_upper,0.16948765516281128
AAPL,XGBoost,bb_lower,0.09475448727607727
AAPL,XGBoost,bb_width,0.12207122147083282
AAPL,XGBoost,atr_14,0.28918442130088806
AAPL,XGBoost,volume_roc,0.11242567747831345
AAPL,XGBoost,returns_lag1,0.14711692929267883
AAPL,XGBoost,returns_lag7,0.3131124675273895
AAPL,XGBoost,ma_5,0.0655684545636177
AAPL,XGBoost,ma_20,0.03402348607778549
AAPL,XGBoost,ma_50,0.12005343288183212
AAPL,XGBoost,volatility_5,0.22463743388652802
AAPL,XGBoost,volatility_20,0.1537213921546936
AAPL,XGBoost,high_low_range,0.13109807670116425
AAPL,XGBoost,close_open_change,0.18925711512565613
MSFT,LogisticRegression,sma_10,0.03753315780053125
MSFT,LogisticRegression,sma_50,0.23661482501576211
MSFT,LogisticRegression,ema_12,0.12791399091130226
MSFT,LogisticRegression,ema_26,0.12418332164647958
MSFT,LogisticRegression,rsi_14,0.08324748183272053
MSFT,LogisticRegression,macd,0.08779666470898104
MSFT,LogisticRegression,macd_signal,0.10754160618039259
MSFT,LogisticRegression,macd_histogram,0.013593057173382057
MSFT,LogisticRegression,roc_10,0.028057383069995664
MSFT,LogisticRegression,bb_upper,0.2741987438444327
MSFT,LogisticRegression,bb_lower,0.17748011676352596
MSFT,LogisticRegression,bb_width,0.037173810649750394
MSFT,LogisticRegression,atr_14,0.3227617327726245
MSFT,LogisticRegression,volume_roc,0.00889364079574052
MSFT,LogisticRegression,returns_lag1,0.003212469281261186
MSFT,LogisticRegression,returns_lag7,0.0029904814819334603
MSFT,LogisticRegression,ma_5,0.04989589867967653
MSFT,LogisticRegression,ma_20,0.048164136609357325
MSFT,LogisticRegression,ma_50,0.23661482501576211
MSFT,LogisticRegression,volatility_5,0.0019669223740750924
MSFT,LogisticRegression,volatility_20,0.010840790118801248
MSFT,LogisticRegression,high_low_range,0.07365436865668402
MSFT,LogisticRegression,close_open_change,0.0323111981764648
MSFT,RandomForest,sma_10,0.01010759294640074
MSFT,RandomForest,sma_50,0.0074507718685436816
MSFT,RandomForest,ema_12,0.011563774184370781
MSFT,RandomForest,ema_26,0.021259644305476482
MSFT,RandomForest,rsi_14,0.013627108424689886
MSFT,RandomForest,macd,0.018940703692312592
MSFT,RandomForest,macd_signal,0.016243434699091078
MSFT,RandomForest,macd_histogram,0.008336251845739821
MSFT,RandomForest,roc_10,0.006759160951703843
MSFT,RandomForest,bb_upper,0.010041369946201431
MSFT,RandomForest,bb_lower,0.015922909846618503
MSFT,RandomForest,bb_width,0.009317927949133126
MSFT,RandomForest,atr_14,0.010171267121846206
MSFT,RandomForest,volume_roc,0.004179237610135154
MSFT,RandomForest,returns_lag1,0.009095717538575913
MSFT,RandomForest,returns_lag7,0.006352334064333085
MSFT,RandomForest,ma_5,0.005761295607985919
MSFT,RandomForest,ma_20,0.015171147215924415
MSFT,RandomForest,ma_50,0.004768875910215425
MSFT,RandomForest,volatility_5,0.004997730656285036
MSFT,RandomForest,volatility_20,0.011010486856680284
MSFT,RandomForest,high_low_range,0.004226173226016629
MSFT,RandomForest,close_open_change,0.007551421970847117
MSFT,XGBoost,sma_10,0.28261905908584595
MSFT,XGBoost,sma_50,0.15515229105949402
MSFT,XGBoost,ema_12,0.13953576982021332
MSFT,XGBoost,ema_26,0.054453153163194656
MSFT,XGBoost,rsi_14,0.31829091906547546
MSFT,XGBoost,macd,0.14514848589897156
MSFT,XGBoost,macd_signal,0.1592673510313034
MSFT,XGBoost,macd_histogram,0.15795409679412842
MSFT,XGBoost,roc_10,0.17803364992141724
MSFT,XGBoost,bb_upper,0.1029088944196701
MSFT,XGBoost,bb_lower,0.07346483319997787
MSFT,XGBoost,bb_width,0.20373594760894775
MSFT,XGBoost,atr_14,0.20131097733974457
MSFT,XGBoost,volume_roc,0.10989153385162354
MSFT,XGBoost,returns_lag1,0.25208938121795654
MSFT,XGBoost,returns_lag7,0.1925085186958313
MSFT,XGBoost,ma_5,0.06539279967546463
MSFT,XGBoost,ma_20,0.13139620423316956
MSFT,XGBoost,ma_50,0.056060563772916794
MSFT,XGBoost,volatility_5,0.20614783465862274
MSFT,XGBoost,volatility_20,0.30599460005760193
MSFT,XGBoost,high_low_range,0.1411171555519104
MSFT,XGBoost,close_open_change,0.20928716659545898
NVDA,LogisticRegression,sma_10,0.10876389782625592
NVDA,LogisticRegression,sma_50,0.33386163771326016
NVDA,LogisticRegression,ema_12,0.08520696119528812
NVDA,LogisticRegression,ema_26,0.08359550184762671
NVDA,LogisticRegression,rsi_14,0.044131473916979566
NVDA,LogisticRegression,macd,0.04371564992855845
NVDA,LogisticRegression,macd_signal,0.02642985899313737
NVDA,LogisticRegression,macd_histogram,0.05005464701971585
NVDA,LogisticRegression,roc_10,0.02959790676051916
NVDA,LogisticRegression,bb_upper,0.8982169957607262
NVDA,LogisticRegression,bb_lower,1.7807673949663851
NVDA,LogisticRegression,bb_width,0.006539452508485476
NVDA,LogisticRegression,atr_14,0.3075481615058515
NVDA,LogisticRegression,volume_roc,0.04496813604431555
NVDA,LogisticRegression,returns_lag1,0.06469537737664427
NVDA,LogisticRegression,returns_lag7,0.0247268216013107
NVDA,LogisticRegression,ma_5,0.0467311395971328
NVDA,LogisticRegression,ma_20,0.26141668594540274
NVDA,LogisticRegression,ma_50,0.33386163771326016
NVDA,LogisticRegression,volatility_5,0.11379402192008332
NVDA,LogisticRegression,volatility_20,0.044424543636440716
NVDA,LogisticRegression,high_low_range,0.0777554350959304
NVDA,LogisticRegression,close_open_change,0.05591101008870672
NVDA,RandomForest,sma_10,0.010034678950670737
NVDA,RandomForest,sma_50,0.006052248990060459
NVDA,RandomForest,ema_12,0.0167088098025911
NVDA,RandomForest,ema_26,0.02019986871275292
NVDA,RandomForest,rsi_14,0.004284454136451245
NVDA,RandomForest,macd,0.02544101354932658
NVDA,RandomForest,macd_signal,0.015948078555802308
NVDA,RandomForest,macd_histogram,0.005278130513068402
NVDA,RandomForest,roc_10,0.004065515980346844
NVDA,RandomForest,bb_upper,0.0030886679462439584
NVDA,RandomForest,bb_lower,0.011542227392002297
NVDA,RandomForest,bb_width,0.0037310509604690347
NVDA,RandomForest,atr_14,0.005017205748626331
NVDA,RandomForest,volume_roc,0.004610920925380993
NVDA,RandomForest,returns_lag1,0.004226542681861055
NVDA,RandomForest,returns_lag7,0.006463848850949658
NVDA,RandomForest,ma_5,0.06466784747461976
NVDA,RandomForest,ma_20,0.008521309815309089
NVDA,RandomForest,ma_50,0.009685996342914357
NVDA,RandomForest,volatility_5,0.009419180071085245
NVDA,RandomForest,volatility_20,0.011131489388047738
NVDA,RandomForest,high_low_range,0.005485443742704548
NVDA,RandomForest,close_open_change,0.014655447508991051
NVDA,XGBoost,sma_10,0.07911746203899384
NVDA,XGBoost,sma_50,0.07266563177108765
NVDA,XGBoost,ema_12,0.1177428662776947
NVDA,XGBoost,ema_26,0.2364705353975296
NVDA,XGBoost,rsi_14,0.14241084456443787
NVDA,XGBoost,macd,0.14549954235553741
NVDA,XGBoost,macd_signal,0.2536827027797699
NVDA,XGBoost,macd_histogram,0.21603542566299438
NVDA,XGBoost,roc_10,0.10250840336084366
NVDA,XGBoost,bb_upper,0.3305951654911041
NVDA,XGBoost,bb_lower,0.07888501137495041
NVDA,XGBoost,bb_width,0.15533962845802307
NVDA,XGBoost,atr_14,0.07239647954702377
NVDA,XGBoost,volume_roc,0.14704103767871857
NVDA,XGBoost,returns_lag1,0.20656239986419678
NVDA,XGBoost,returns_lag7,0.1577686220407486
NVDA,XGBoost,ma_5,0.5432814955711365
NVDA,XGBoost,ma_20,0.10969658941030502
NVDA,XGBoost,ma_50,0.02100265584886074
NVDA,XGBoost,volatility_5,0.22024185955524445
NVDA,XGBoost,volatility_20,0.16830632090568542
NVDA,XGBoost,high_low_range,0.2301921844482422
NVDA,XGBoost,close_open_change,0.26527300477027893
JPM,LogisticRegression,sma_10,0.061134959506068176
JPM,LogisticRegression,sma_50,1.0684582982612414
JPM,LogisticRegression,ema_12,0.21103261469059523
JPM,LogisticRegression,ema_26,0.2123292847878153
JPM,LogisticRegression,rsi_14,0.029369401494438598
JPM,LogisticRegression,macd,0.05860132971895203
JPM,LogisticRegression,macd_signal,0.003141211690933427
JPM,LogisticRegression,macd_histogram,0.195317427873464
JPM,LogisticRegression,roc_10,0.06869869357638579
JPM,LogisticRegression,bb_upper,1.587253385615666
JPM,LogisticRegression,bb_lower,2.247981090303883
JPM,LogisticRegression,bb_width,0.055840884237276144
JPM,LogisticRegression,atr_14,0.7864933649669317
JPM,LogisticRegression,volume_roc,0.017969688032101718
JPM,LogisticRegression,returns_lag1,0.05194784540570634
JPM,LogisticRegression,returns_lag7,0.02175874499974929
JPM,LogisticRegression,ma_5,0.1958908970407148
JPM,LogisticRegression,ma_20,0.30539366560566655
JPM,LogisticRegression,ma_50,1.0684582982612414
JPM,LogisticRegression,volatility_5,0.03990841757665696
JPM,LogisticRegression,volatility_20,0.04833341803773825
JPM,LogisticRegression,high_low_range,0.04395071414690855
JPM,LogisticRegression,close_open_change,0.010573281815862642
JPM,RandomForest,sma_10,0.0032631540471984625
JPM,RandomForest,sma_50,0.013267937344872695
JPM,RandomForest,ema_12,0.00902250104974103
JPM,RandomForest,ema_26,0.004876615081347923
JPM,RandomForest,rsi_14,0.004694396317601225
JPM,RandomForest,macd,0.009654401712752279
JPM,RandomForest,macd_signal,0.01008479529978381
JPM,RandomForest,macd_histogram,0.006431557537265179
JPM,RandomForest,roc_10,0.005264762060259801
JPM,RandomForest,bb_upper,0.006658400879615969
JPM,RandomForest,bb_lower,0.004434122139474925
JPM,RandomForest,bb_width,0.015242103524215692
JPM,RandomForest,atr_14,0.01348930608653459
JPM,RandomForest,volume_roc,0.0064727149136430155
JPM,RandomForest,returns_lag1,0.004051120702110348
JPM,RandomForest,returns_lag7,0.005848377632344361
JPM,RandomForest,ma_5,0.003549099195934387
JPM,RandomForest,ma_20,0.009710657667296107
JPM,RandomForest,ma_50,0.01074792341160003
JPM,RandomForest,volatility_5,0.012810929280125711
JPM,RandomForest,volatility_20,0.005994432287764867
JPM,RandomForest,high_low_range,0.004367738915987875
JPM,RandomForest,close_open_change,0.006877432478004633
JPM,XGBoost,sma_10,0.045396991074085236
JPM,XGBoost,sma_50,0.11410033702850342
JPM,XGBoost,ema_12,0.05010412633419037
JPM,XGBoost,ema_26,0.03942790627479553
JPM,XGBoost,rsi_14,0.17847226560115814
JPM,XGBoost,macd,0.12674297392368317
JPM,XGBoost,macd_signal,0.23543135821819305
JPM,XGBoost,macd_histogram,0.21566171944141388
JPM,XGBoost,roc_10,0.17391172051429749
JPM,XGBoost,bb_upper,0.09582211077213287
JPM,XGBoost,bb_lower,0.06821960210800171
JPM,XGBoost,bb_width,0.23055796325206757
JPM,XGBoost,atr_14,0.5258023142814636
JPM,XGBoost,volume_roc,0.19444069266319275
JPM,XGBoost,returns_lag1,0.16032147407531738
JPM,XGBoost,returns_lag7,0.1713600754737854
JPM,XGBoost,ma_5,0.2276780903339386
JPM,XGBoost,ma_20,0.04106235131621361
JPM,XGBoost,ma_50,0.04287321865558624
JPM,XGBoost,volatility_5,0.25591933727264404
JPM,XGBoost,volatility_20,0.21207746863365173
JPM,XGBoost,high_low_range,0.18266789615154266
JPM,XGBoost,close_open_change,0.26305627822875977
JNJ,LogisticRegression,sma_10,1.2586617665757167
JNJ,LogisticRegression,sma_50,2.5294821843531534
JNJ,LogisticRegression,ema_12,0.4753507519974268
JNJ,LogisticRegression,ema_26,0.6585849971354559
JNJ,LogisticRegression,rsi_14,0.2986053902581849
JNJ,LogisticRegression,macd,0.4916464026347384
JNJ,LogisticRegression,macd_signal,0.5898514595920739
JNJ,LogisticRegression,macd_histogram,0.04225286933637276
JNJ,LogisticRegression,roc_10,0.20075979793114115
JNJ,LogisticRegression,bb_upper,2.7941834009428987
JNJ,LogisticRegression,bb_lower,1.859167066719564
JNJ,LogisticRegression,bb_width,0.18200084684832044
JNJ,LogisticRegression,atr_14,0.273865895827731
JNJ,LogisticRegression,volume_roc,0.02627321423631829
JNJ,LogisticRegression,returns_lag1,0.047812584210432024
JNJ,LogisticRegression,returns_lag7,0.007212560412427985
JNJ,LogisticRegression,ma_5,1.7875602062675415
JNJ,LogisticRegression,ma_20,0.1706432232826523
JNJ,LogisticRegression,ma_50,2.5294821843531534
JNJ,LogisticRegression,volatility_5,0.06822178871706559
JNJ,LogisticRegression,volatility_20,0.060021483706213935
JNJ,LogisticRegression,high_low_range,0.1269158974004003
JNJ,LogisticRegression,close_open_change,0.03176695460064837
JNJ,RandomForest,sma_10,0.013030107718044961
JNJ,RandomForest,sma_50,0.039629867595074364
JNJ,RandomForest,ema_12,0.02069989465382774
JNJ,RandomForest,ema_26,0.02081545134156483
JNJ,RandomForest,rsi_14,0.01001528470279074
JNJ,RandomForest,macd,0.011805207279381448
JNJ,RandomForest,macd_signal,0.005003801238967634
JNJ,RandomForest,macd_histogram,0.007823803488100294
JNJ,RandomForest,roc_10,0.0044920755138229615
JNJ,RandomForest,bb_upper,0.0035499834005899684
JNJ,RandomForest,bb_lower,0.025129069373936285
JNJ,RandomForest,bb_width,0.007549061231144154
JNJ,RandomForest,atr_14,0.01175911674223696
JNJ,RandomForest,volume_roc,0.005650446469596426
JNJ,RandomForest,returns_lag1,0.006951938230306871
JNJ,RandomForest,returns_lag7,0.00377396883649626
JNJ,RandomForest,ma_5,0.006121824582073752
JNJ,RandomForest,ma_20,0.005386219078774005
JNJ,RandomForest,ma_50,0.04874865205893852
JNJ,RandomForest,volatility_5,0.008762094489948642
JNJ,RandomForest,volatility_20,0.007161427057349218
JNJ,RandomForest,high_low_range,0.010200820976785322
JNJ,RandomForest,close_open_change,0.0035214918664453272
JNJ,XGBoost,sma_10,0.21036402881145477
JNJ,XGBoost,sma_50,0.6210832595825195
JNJ,XGBoost,ema_12,0.07615167647600174
JNJ,XGBoost,ema_26,0.10833173245191574
JNJ,XGBoost,rsi_14,0.2518681585788727
JNJ,XGBoost,macd,0.16160191595554352
JNJ,XGBoost,macd_signal,0.15305624902248383
JNJ,XGBoost,macd_histogram,0.10690873116254807
JNJ,XGBoost,roc_10,0.08218497037887573
JNJ,XGBoost,bb_upper,0.047587890177965164
JNJ,XGBoost,bb_lower,0.18476338684558868
JNJ,XGBoost,bb_width,0.251802921295166
JNJ,XGBoost,atr_14,0.21093660593032837
JNJ,XGBoost,volume_roc,0.21327796578407288
JNJ,XGBoost,returns_lag1,0.23731888830661774
JNJ,XGBoost,returns_lag7,0.16627486050128937
JNJ,XGBoost,ma_5,0.17943225800991058
JNJ,XGBoost,ma_20,0.04733243212103844
JNJ,XGBoost,ma_50,0.07398679852485657
JNJ,XGBoost,volatility_5,0.2098139077425003
JNJ,XGBoost,volatility_20,0.1459716260433197
JNJ,XGBoost,high_low_range,0.376852810382843
JNJ,XGBoost,close_open_change,0.2801794111728668
WMT,LogisticRegression,sma_10,2.033554406827994
WMT,LogisticRegression,sma_50,0.27466832648859607
WMT,LogisticRegression,ema_12,0.17017471448279298
WMT,LogisticRegression,ema_26,0.18004070715358989
WMT,LogisticRegression,rsi_14,0.013843900392169074
WMT,LogisticRegression,macd,0.005094845424047028
WMT,LogisticRegression,macd_signal,0.10857340875260603
WMT,LogisticRegression,macd_histogram,0.45392161890748584
WMT,LogisticRegression,roc_10,0.1652342802742515
WMT,LogisticRegression,bb_upper,0.6207010596437812
WMT,LogisticRegression,bb_lower,1.7757506618789156
WMT,LogisticRegression,bb_width,0.10630989044741301
WMT,LogisticRegression,atr_14,0.7662657451738577
WMT,LogisticRegression,volume_roc,0.08945829223641706
WMT,LogisticRegression,returns_lag1,0.08857046430538351
WMT,LogisticRegression,returns_lag7,0.05563487202653235
WMT,LogisticRegression,ma_5,0.5389628809343937
WMT,LogisticRegression,ma_20,0.5324985247196771
WMT,LogisticRegression,ma_50,0.27466832648859607
WMT,LogisticRegression,volatility_5,0.07602700302040236
WMT,LogisticRegression,volatility_20,0.04036844055054371
WMT,LogisticRegression,high_low_range,0.30737208510438235
WMT,LogisticRegression,close_open_change,0.12626423556425395
WMT,RandomForest,sma_10,0.0029229794072923834
WMT,RandomForest,sma_50,0.01593834071579975
WMT,RandomForest,ema_12,0.007535201003786524
WMT,RandomForest,ema_26,0.004026966016008567
WMT,RandomForest,rsi_14,0.00658259749939194
WMT,RandomForest,macd,0.0073637835571374365
WMT,RandomForest,macd_signal,0.009182500429889643
WMT,RandomForest,macd_histogram,0.0118326624591879
WMT,RandomForest,roc_10,0.007357443681804574
WMT,RandomForest,bb_upper,0.003549292805638852
WMT,RandomForest,bb_lower,0.005112589815787107
WMT,RandomForest,bb_width,0.0055120090210140716
WMT,RandomForest,atr_14,0.02301085212456793
WMT,RandomForest,volume_roc,0.018776936806864757
WMT,RandomForest,returns_lag1,0.019550768352187445
WMT,RandomForest,returns_lag7,0.013754868084513363
WMT,RandomForest,ma_5,0.007531599053300458
WMT,RandomForest,ma_20,0.007251866353202641
WMT,RandomForest,ma_50,0.012444182951864911
WMT,RandomForest,volatility_5,0.006097257951335898
WMT,RandomForest,volatility_20,0.004915944351536628
WMT,RandomForest,high_low_range,0.005735070514439786
WMT,RandomForest,close_open_change,0.016798364715626277
WMT,XGBoost,sma_10,0.075013667345047
WMT,XGBoost,sma_50,0.20281429588794708
WMT,XGBoost,ema_12,0.016918407753109932
WMT,XGBoost,ema_26,0.07620956003665924
WMT,XGBoost,rsi_14,0.16062761843204498
WMT,XGBoost,macd,0.09110045433044434
WMT,XGBoost,macd_signal,0.13258737325668335
WMT,XGBoost,macd_histogram,0.2061438262462616
WMT,XGBoost,roc_10,0.1621815264225006
WMT,XGBoost,bb_upper,0.048484236001968384
WMT,XGBoost,bb_lower,0.17440742254257202
WMT,XGBoost,bb_width,0.18448320031166077
WMT,XGBoost,atr_14,0.5719693899154663
WMT,XGBoost,volume_roc,0.2680610120296478
WMT,XGBoost,returns_lag1,0.3582310080528259
WMT,XGBoost,returns_lag7,0.267281711101532
WMT,XGBoost,ma_5,0.04301602393388748
WMT,XGBoost,ma_20,0.6491539478302002
WMT,XGBoost,ma_50,0.01586214452981949
WMT,XGBoost,volatility_5,0.23863869905471802
WMT,XGBoost,volatility_20,0.12127354741096497
WMT,XGBoost,high_low_range,0.14058661460876465
WMT,XGBoost,close_open_change,0.3469070494174957
XOM,LogisticRegression,sma_10,0.36914418962975554
XOM,LogisticRegression,sma_50,0.4418742194770387
XOM,LogisticRegression,ema_12,0.05564234941684406
XOM,LogisticRegression,ema_26,0.04848805707247565
XOM,LogisticRegression,rsi_14,0.3246460936308095
XOM,LogisticRegression,macd,0.1006127101726815
XOM,LogisticRegression,macd_signal,0.08429706419717936
XOM,LogisticRegression,macd_histogram,0.05304211281016302
XOM,LogisticRegression,roc_10,0.109389395088242
XOM,LogisticRegression,bb_upper,0.42731964574080233
XOM,LogisticRegression,bb_lower,1.317743196051771
XOM,LogisticRegression,bb_width,0.09983557341215497
XOM,LogisticRegression,atr_14,0.4484658905219089
XOM,LogisticRegression,volume_roc,0.060470669059303615
XOM,LogisticRegression,returns_lag1,0.05723695587066435
XOM,LogisticRegression,returns_lag7,0.01738877927744601
XOM,LogisticRegression,ma_5,0.11869097865196054
XOM,LogisticRegression,ma_20,0.4521234222856498
XOM,LogisticRegression,ma_50,0.4418742194770387
XOM,LogisticRegression,volatility_5,0.012247798131509677
XOM,LogisticRegression,volatility_20,0.009360410197201578
XOM,LogisticRegression,high_low_range,0.18403558065869427
XOM,LogisticRegression,close_open_change,0.10792421650616946
XOM,RandomForest,sma_10,0.0034374943081686483
XOM,RandomForest,sma_50,0.02126965389165118
XOM,RandomForest,ema_12,0.00786004493605252
XOM,RandomForest,ema_26,0.014249384652878429
XOM,RandomForest,rsi_14,0.0034804017998452436
XOM,RandomForest,macd,0.004305253031838545
XOM,RandomForest,macd_signal,0.0036049257722340303
XOM,RandomForest,macd_histogram,0.006990009664448008
XOM,RandomForest,roc_10,0.005156747628485803
XOM,RandomForest,bb_upper,0.0026981311074629833
XOM,RandomForest,bb_lower,0.013581577810490174
XOM,RandomForest,bb_width,0.0065437901846299345
XOM,RandomForest,atr_14,0.009684208913445156
XOM,RandomForest,volume_roc,0.005523851547637152
XOM,RandomForest,returns_lag1,0.005053903307402365
XOM,RandomForest,returns_lag7,0.0061030372674872576
XOM,RandomForest,ma_5,0.0037624353187769937
XOM,RandomForest,ma_20,0.010273885642232613
XOM,RandomForest,ma_50,0.026931251779100412
XOM,RandomForest,volatility_5,0.004980585403676764
XOM,RandomForest,volatility_20,0.003876913322800769
XOM,RandomForest,high_low_range,0.005432752515421966
XOM,RandomForest,close_open_change,0.009948884929288207
XOM,XGBoost,sma_10,0.07495099306106567
XOM,XGBoost,sma_50,0.15804129838943481
XOM,XGBoost,ema_12,0.05819830298423767
XOM,XGBoost,ema_26,0.2933938205242157
XOM,XGBoost,rsi_14,0.15052425861358643
XOM,XGBoost,macd,0.1623421311378479
XOM,XGBoost,macd_signal,0.1380424201488495
XOM,XGBoost,macd_histogram,0.23022741079330444
XOM,XGBoost,roc_10,0.20656661689281464
XOM,XGBoost,bb_upper,0.180960014462471
XOM,XGBoost,bb_lower,0.106829933822155
XOM,XGBoost,bb_width,0.17659518122673035
XOM,XGBoost,atr_14,0.38455674052238464
XOM,XGBoost,volume_roc,0.16725648939609528
XOM,XGBoost,returns_lag1,0.16465789079666138
XOM,XGBoost,returns_lag7,0.18699626624584198
XOM,XGBoost,ma_5,0.20057399570941925
XOM,XGBoost,ma_20,0.03306974470615387
XOM,XGBoost,ma_50,0.034601349383592606
XOM,XGBoost,volatility_5,0.12948212027549744
XOM,XGBoost,volatility_20,0.19625702500343323
XOM,XGBoost,high_low_range,0.14012707769870758
XOM,XGBoost,close_open_change,0.2675906717777252
GS,LogisticRegression,sma_10,0.02472454455742854
GS,LogisticRegression,sma_50,2.093385929921608
GS,LogisticRegression,ema_12,0.3396420716811071
GS,LogisticRegression,ema_26,0.3519303149014955
GS,LogisticRegression,rsi_14,0.09259021498089261
GS,LogisticRegression,macd,0.005435625608046921
GS,LogisticRegression,macd_signal,0.08571032728838048
GS,LogisticRegression,macd_histogram,0.18985208106112209
GS,LogisticRegression,roc_10,0.024368187912257703
GS,LogisticRegression,bb_upper,0.2689852656346493
GS,LogisticRegression,bb_lower,3.413533932744217
GS,LogisticRegression,bb_width,0.11860310019513325
GS,LogisticRegression,atr_14,0.3296170712492098
GS,LogisticRegression,volume_roc,0.034456453991081326
GS,LogisticRegression,returns_lag1,0.021792447899327876
GS,LogisticRegression,returns_lag7,0.012912229440374809
GS,LogisticRegression,ma_5,0.9402904932324891
GS,LogisticRegression,ma_20,1.570804274802588
GS,LogisticRegression,ma_50,2.093385929921608
GS,LogisticRegression,volatility_5,0.03763377907698995
GS,LogisticRegression,volatility_20,0.05665246057181258
GS,LogisticRegression,high_low_range,0.0866014251677302
GS,LogisticRegression,close_open_change,0.06271343292566434
GS,RandomForest,sma_10,0.009531123301461164
GS,RandomForest,sma_50,0.008993503151761745
GS,RandomForest,ema_12,0.012267569103292275
GS,RandomForest,ema_26,0.008482866375144744
GS,RandomForest,rsi_14,0.008492773141441133
GS,RandomForest,macd,0.012845278666181858
GS,RandomForest,macd_signal,0.00993843102622297
GS,RandomForest,macd_histogram,0.006978773434742482
GS,RandomForest,roc_10,0.009074242954986593
GS,RandomForest,bb_upper,0.003910179435213157
GS,RandomForest,bb_lower,0.006258746530850621
GS,RandomForest,bb_width,0.0038481424592806766
GS,RandomForest,atr_14,0.03311389965707392
GS,RandomForest,volume_roc,0.009085612143286669
GS,RandomForest,returns_lag1,0.00462260322199426
GS,RandomForest,returns_lag7,0.005446324473594183
GS,RandomForest,ma_5,0.009442014288884658
GS,RandomForest,ma_20,0.007647465103420773
GS,RandomForest,ma_50,0.004699189492098384
GS,RandomForest,volatility_5,0.003903593746934127
GS,RandomForest,volatility_20,0.0142308824547824
GS,RandomForest,high_low_range,0.013076434197562008
GS,RandomForest,close_open_change,0.008234446449214313
GS,XGBoost,sma_10,0.26704999804496765
GS,XGBoost,sma_50,0.11345124989748001
GS,XGBoost,ema_12,0.16851161420345306
GS,XGBoost,ema_26,0.050827451050281525
GS,XGBoost,rsi_14,0.2054617702960968
GS,XGBoost,macd,0.13962635397911072
GS,XGBoost,macd_signal,0.1873815655708313
GS,XGBoost,macd_histogram,0.17800818383693695
GS,XGBoost,roc_10,0.2159307450056076
GS,XGBoost,bb_upper,0.07829912006855011
GS,XGBoost,bb_lower,0.07431408017873764
GS,XGBoost,bb_width,0.1255083680152893
GS,XGBoost,atr_14,0.471112459897995
GS,XGBoost,volume_roc,0.23360250890254974
GS,XGBoost,returns_lag1,0.1867530196905136
GS,XGBoost,returns_lag7,0.20746782422065735
GS,XGBoost,ma_5,0.05322675406932831
GS,XGBoost,ma_20,0.06260884553194046
GS,XGBoost,ma_50,0.047614265233278275
GS,XGBoost,volatility_5,0.15715883672237396
GS,XGBoost,volatility_20,0.19399665296077728
GS,XGBoost,high_low_range,0.12039892375469208
GS,XGBoost,close_open_change,0.2603650391101837
TSLA,LogisticRegression,sma_10,0.004339139741673435
TSLA,LogisticRegression,sma_50,0.33972418353730444
TSLA,LogisticRegression,ema_12,0.005704972068110424
TSLA,LogisticRegression,ema_26,0.004234600610145865
TSLA,LogisticRegression,rsi_14,0.13403239164694744
TSLA,LogisticRegression,macd,0.006268677292801631
TSLA,LogisticRegression,macd_signal,0.023104374387641426
TSLA,LogisticRegression,macd_histogram,0.04644738129506119
TSLA,LogisticRegression,roc_10,0.07071170097416961
TSLA,LogisticRegression,bb_upper,0.2108602131023378
TSLA,LogisticRegression,bb_lower,0.6795283974666081
TSLA,LogisticRegression,bb_width,0.01716406412267036
TSLA,LogisticRegression,atr_14,0.013939365431402256
TSLA,LogisticRegression,volume_roc,0.071353119470819
TSLA,LogisticRegression,returns_lag1,0.012023825524377618
TSLA,LogisticRegression,returns_lag7,0.06252868102780901
TSLA,LogisticRegression,ma_5,0.24844461143972466
TSLA,LogisticRegression,ma_20,0.4193342753290261
TSLA,LogisticRegression,ma_50,0.33972418353730444
TSLA,LogisticRegression,volatility_5,0.05327709203966812
TSLA,LogisticRegression,volatility_20,0.00849353709347107
TSLA,LogisticRegression,high_low_range,0.020844786970560948
TSLA,LogisticRegression,close_open_change,0.07365618204480373
TSLA,RandomForest,sma_10,0.005990559961714855
TSLA,RandomForest,sma_50,0.017520472803715017
TSLA,RandomForest,ema_12,0.016345483732397886
TSLA,RandomForest,ema_26,0.017341446150127792
TSLA,RandomForest,rsi_14,0.008199151553489445
TSLA,RandomForest,macd,0.005194260496942151
TSLA,RandomForest,macd_signal,0.00666750295032352
TSLA,RandomForest,macd_histogram,0.007050053024152158
TSLA,RandomForest,roc_10,0.007295052847211521
TSLA,RandomForest,bb_upper,0.01654375128278134
TSLA,RandomForest,bb_lower,0.010963803989700083
TSLA,RandomForest,bb_width,0.007868569569357888
TSLA,RandomForest,atr_14,0.004811998982225271
TSLA,RandomForest,volume_roc,0.011858598073094192
TSLA,RandomForest,returns_lag1,0.003750782572422197
TSLA,RandomForest,returns_lag7,0.00869451020411483
TSLA,RandomForest,ma_5,0.008007778352226354
TSLA,RandomForest,ma_20,0.010329719176950991
TSLA,RandomForest,ma_50,0.015662039477582636
TSLA,RandomForest,volatility_5,0.008448214660351429
TSLA,RandomForest,volatility_20,0.008503470789764144
TSLA,RandomForest,high_low_range,0.006776161988303898
TSLA,RandomForest,close_open_change,0.006339430119821548
TSLA,XGBoost,sma_10,0.06308827549219131
TSLA,XGBoost,sma_50,0.23999232053756714
TSLA,XGBoost,ema_12,0.060946907848119736
TSLA,XGBoost,ema_26,0.19500212371349335
TSLA,XGBoost,rsi_14,0.11832456290721893
TSLA,XGBoost,macd,0.11593908816576004
TSLA,XGBoost,macd_signal,0.16132225096225739
TSLA,XGBoost,macd_histogram,0.1394781917333603
TSLA,XGBoost,roc_10,0.13590219616889954
TSLA,XGBoost,bb_upper,0.195566326379776
TSLA,XGBoost,bb_lower,0.18204675614833832
TSLA,XGBoost,bb_width,0.21581001579761505
TSLA,XGBoost,atr_14,0.07465175539255142
TSLA,XGBoost,volume_roc,0.2228044718503952
TSLA,XGBoost,returns_lag1,0.15711544454097748
TSLA,XGBoost,returns_lag7,0.21423131227493286
TSLA,XGBoost,ma_5,0.0820419192314148
TSLA,XGBoost,ma_20,0.12571634352207184
TSLA,XGBoost,ma_50,0.08176027983427048
TSLA,XGBoost,volatility_5,0.14889247715473175
TSLA,XGBoost,volatility_20,0.17247235774993896
TSLA,XGBoost,high_low_range,0.15059815347194672
TSLA,XGBoost,close_open_change,0.19851244986057281
V,LogisticRegression,sma_10,0.7710900181030511
V,LogisticRegression,sma_50,0.31863923523474746
V,LogisticRegression,ema_12,0.051975191585008663
V,LogisticRegression,ema_26,0.03837978774054945
V,LogisticRegression,rsi_14,0.07254254779145906
V,LogisticRegression,macd,0.0741995491647295
V,LogisticRegression,macd_signal,0.04956538244078721
V,LogisticRegression,macd_histogram,0.07663559556015823
V,LogisticRegression,roc_10,0.04386970817408997
V,LogisticRegression,bb_upper,0.09904818554775024
V,LogisticRegression,bb_lower,0.605288886019833
V,LogisticRegression,bb_width,0.007121241912446972
V,LogisticRegression,atr_14,0.19583036232584644
V,LogisticRegression,volume_roc,0.0031775227694103778
V,LogisticRegression,returns_lag1,0.0019921974224645787
V,LogisticRegression,returns_lag7,0.0012737190479951302
V,LogisticRegression,ma_5,0.07264518873373063
V,LogisticRegression,ma_20,0.37617172133012616
V,LogisticRegression,ma_50,0.31863923523474746
V,LogisticRegression,volatility_5,0.04719778051404137
V,LogisticRegression,volatility_20,0.047027771986943544
V,LogisticRegression,high_low_range,0.0998765223801259
V,LogisticRegression,close_open_change,0.09392619037954689
V,RandomForest,sma_10,0.005375050290998617
V,RandomForest,sma_50,0.01316278034255679
V,RandomForest,ema_12,0.00816489221383996
V,RandomForest,ema_26,0.009914293523692436
V,RandomForest,rsi_14,0.004043335398993453
V,RandomForest,macd,0.014645045999733777
V,RandomForest,macd_signal,0.014426515475136905
V,RandomForest,macd_histogram,0.004502590540074754
V,RandomForest,roc_10,0.004526796843120595
V,RandomForest,bb_upper,0.01940463424115144
V,RandomForest,bb_lower,0.008873935342534531
V,RandomForest,bb_width,0.004076564753207225
V,RandomForest,atr_14,0.00566029853093161
V,RandomForest,volume_roc,0.0053842472453354525
V,RandomForest,returns_lag1,0.007977141069366325
V,RandomForest,returns_lag7,0.0060396714396066566
V,RandomForest,ma_5,0.0032770778173250507
V,RandomForest,ma_20,0.010443845343847716
V,RandomForest,ma_50,0.008335055270094026
V,RandomForest,volatility_5,0.0062660336081113805
V,RandomForest,volatility_20,0.002513294512263985
V,RandomForest,high_low_range,0.003888057471359626
V,RandomForest,close_open_change,0.008210684263957681
V,XGBoost,sma_10,0.18087045848369598
V,XGBoost,sma_50,0.08340822160243988
V,XGBoost,ema_12,0.16571158170700073
V,XGBoost,ema_26,0.03618134185671806
V,XGBoost,rsi_14,0.08765841275453568
V,XGBoost,macd,0.1592542827129364
V,XGBoost,macd_signal,0.11069624125957489
V,XGBoost,macd_histogram,0.1289176046848297
V,XGBoost,roc_10,0.09062311798334122
V,XGBoost,bb_upper,0.42684033513069153
V,XGBoost,bb_lower,0.1329427808523178
V,XGBoost,bb_width,0.14506472647190094
V,XGBoost,atr_14,0.10756374895572662
V,XGBoost,volume_roc,0.168178990483284
V,XGBoost,returns_lag1,0.16639570891857147
V,XGBoost,returns_lag7,0.1828683614730835
V,XGBoost,ma_5,0.06234341114759445
V,XGBoost,ma_20,0.02513931319117546
V,XGBoost,ma_50,0.07794999331235886
V,XGBoost,volatility_5,0.2034715712070465
V,XGBoost,volatility_20,0.11235290765762329
V,XGBoost,high_low_range,0.20922896265983582
V,XGBoost,close_open_change,0.2461838275194168
