Stock,Model,Train_Size,Test_Size,Test_Start,Test_End,test_accuracy,test_precision,test_recall,test_f1,test_mcc,test_roc_auc
AAPL,LogisticRegression,1239,310,2025-03-03,2026-05-29,0.5161290322580645,0.5769230769230769,0.3614457831325301,0.4444444444444444,0.0590365388728807,0.5027610441767069
AAPL,RandomForest,1239,310,2025-03-03,2026-05-29,0.4935483870967742,0.5365853658536586,0.39759036144578314,0.45674740484429066,0.001791185815334374,0.5195783132530121
AAPL,XGBoost,1239,310,2025-03-03,2026-05-29,0.535483870967742,0.5714285714285714,0.5301204819277109,0.55,0.07160763556372299,0.5303714859437751
MSFT,LogisticRegression,1239,310,2025-03-03,2026-05-29,0.5129032258064516,0.5362318840579711,0.45962732919254656,0.49498327759197325,0.03025710404671428,0.4957688940764517
MSFT,RandomForest,1239,310,2025-03-03,2026-05-29,0.45483870967741935,0.45918367346938777,0.2795031055900621,0.3474903474903475,-0.0818821336623164,0.5137771478594356
MSFT,XGBoost,1239,310,2025-03-03,2026-05-29,0.4967741935483871,0.5182481751824818,0.4409937888198758,0.47651006711409394,-0.0019710990588266554,0.5002709575221977
NVDA,LogisticRegression,1242,311,2025-03-04,2026-05-29,0.4855305466237942,0.5522388059701493,0.2215568862275449,0.3162393162393162,0.016038188881263953,0.511144377910845
NVDA,RandomForest,1242,311,2025-03-04,2026-05-29,0.4758842443729904,0.5384615384615384,0.16766467065868262,0.2557077625570776,0.0013335834777835798,0.5244095143047238
NVDA,XGBoost,1242,311,2025-03-04,2026-05-29,0.4533762057877814,0.48314606741573035,0.25748502994011974,0.3359375,-0.06835578832492686,0.48037258815701933
JPM,LogisticRegression,1234,309,2025-03-04,2026-05-29,0.5339805825242718,0.5668449197860963,0.6272189349112426,0.5955056179775281,0.0495412813232268,0.5013102282333051
JPM,RandomForest,1234,309,2025-03-04,2026-05-29,0.5210355987055016,0.559322033898305,0.5857988165680473,0.5722543352601156,0.028836910194846507,0.5085798816568047
JPM,XGBoost,1234,309,2025-03-04,2026-05-29,0.5372168284789643,0.5550847457627118,0.7751479289940828,0.6469135802469136,0.02947081621021178,0.5255283178360102
JNJ,LogisticRegression,1234,309,2025-03-04,2026-05-29,0.4854368932038835,0.6551724137931034,0.1130952380952381,0.19289340101522842,0.07203163562256874,0.5832489023978387
JNJ,RandomForest,1234,309,2025-03-04,2026-05-29,0.4627831715210356,0.53125,0.10119047619047619,0.17,-0.008488403984587898,0.48703985140155354
JNJ,XGBoost,1234,309,2025-03-04,2026-05-29,0.46601941747572817,0.5283018867924528,0.16666666666666666,0.25339366515837103,-0.014056539784690502,0.4593465045592705
WMT,LogisticRegression,1229,308,2025-03-03,2026-05-29,0.5194805194805194,0.5198675496688742,0.98125,0.6796536796536796,0.0054958206943738035,0.5017736486486487
WMT,RandomForest,1229,308,2025-03-03,2026-05-29,0.525974025974026,0.5291666666666667,0.79375,0.635,0.03642185793667161,0.5539273648648649
WMT,XGBoost,1229,308,2025-03-03,2026-05-29,0.5162337662337663,0.5258215962441315,0.7,0.6005361930294906,0.019004256228189045,0.5257179054054054
XOM,LogisticRegression,1240,310,2025-03-05,2026-05-29,0.5032258064516129,0.5735294117647058,0.4482758620689655,0.5032258064516129,0.0218052738336714,0.5102687626774848
XOM,RandomForest,1240,310,2025-03-05,2026-05-29,0.4935483870967742,0.6231884057971014,0.2471264367816092,0.35390946502057613,0.06674378631008655,0.534525016903313
XOM,XGBoost,1240,310,2025-03-05,2026-05-29,0.532258064516129,0.6306306306306306,0.40229885057471265,0.49122807017543857,0.1043610243900314,0.5344405003380663
GS,LogisticRegression,1236,310,2025-02-28,2026-05-29,0.5451612903225806,0.5944700460829493,0.7087912087912088,0.6466165413533834,0.022875450543583874,0.5385044642857143
GS,RandomForest,1236,310,2025-02-28,2026-05-29,0.5548387096774193,0.627906976744186,0.5934065934065934,0.6101694915254238,0.09253679326653293,0.5636160714285714
GS,XGBoost,1236,310,2025-02-28,2026-05-29,0.5032258064516129,0.5833333333333334,0.5384615384615384,0.56,-0.008314125570464074,0.5284168956043956
TSLA,LogisticRegression,1240,311,2025-02-28,2026-05-29,0.4887459807073955,0.6086956521739131,0.08536585365853659,0.1497326203208556,0.04605557739236162,0.5338891654222664
TSLA,RandomForest,1240,311,2025-02-28,2026-05-29,0.4565916398713826,0.41379310344827586,0.07317073170731707,0.12435233160621761,-0.07292825333441222,0.507922681267629
TSLA,XGBoost,1240,311,2025-02-28,2026-05-29,0.49517684887459806,0.5454545454545454,0.25609756097560976,0.34854771784232363,0.02082360162992697,0.5010370001659199
V,LogisticRegression,1234,309,2025-03-03,2026-05-29,0.49838187702265374,0.5037593984962406,0.8535031847133758,0.6335697399527187,-0.021547819637120113,0.5728712705330204
V,RandomForest,1234,309,2025-03-03,2026-05-29,0.5145631067961165,0.5117056856187291,0.9745222929936306,0.6710526315789473,0.03954023557712382,0.525226282266175
V,XGBoost,1234,309,2025-03-03,2026-05-29,0.5242718446601942,0.52,0.8280254777070064,0.6388206388206388,0.04903658268899199,0.5285786121354341
